id	first_name	last_name	email	gender	ip_address
1	Samuel	Shaw	sshaw0@drupal.org	Male	223.174.188.158
2	Joshua	Bradley	jbradley1@fda.gov	Male	161.174.152.59
3	Karen	Anderson	kanderson2@berkeley.edu	Female	234.246.109.119
4	Helen	Wagner	hwagner3@hud.gov	Female	237.72.84.52
5	Rebecca	Gibson	rgibson4@wikimedia.org	Female	148.10.117.190
6	Clarence	Grant	cgrant5@fastcompany.com	Male	211.243.147.143
7	Amy	King	aking6@oaic.gov.au	Female	121.167.143.83
8	Rose	Bradley	rbradley7@mapy.cz	Female	180.159.128.139
9	Nicholas	Flores	nflores8@theatlantic.com	Male	176.135.79.143
10	Sara	Lane	slane9@g.co	Female	47.121.232.215
11	Lisa	Sullivan	lsullivana@usgs.gov	Female	252.244.196.162
12	Pamela	Lane	planeb@newsvine.com	Female	80.206.235.43
13	Marilyn	Chapman	mchapmanc@ucsd.edu	Female	110.27.61.156
14	Kathryn	West	kwestd@edublogs.org	Female	233.234.221.105
15	Anna	Bryant	abryante@cbsnews.com	Female	253.0.85.247
16	Mark	Perez	mperezf@shareasale.com	Male	124.38.211.60
17	Judy	Hunt	jhuntg@github.com	Female	183.234.128.207
18	Walter	Peters	wpetersh@posterous.com	Male	255.50.78.13
19	Jose	Mcdonald	jmcdonaldi@dot.gov	Male	151.255.130.229
20	Louise	Cook	lcookj@nih.gov	Female	33.195.240.240
21	Joyce	Freeman	jfreemank@twitter.com	Female	213.109.64.2
22	Phyllis	Andrews	pandrewsl@biblegateway.com	Female	118.241.4.113
23	Lisa	Fowler	lfowlerm@mit.edu	Female	227.212.235.245
24	Shawn	Johnston	sjohnstonn@slate.com	Male	130.36.235.77
25	Evelyn	Gordon	egordono@msu.edu	Female	13.166.160.36
26	Russell	Andrews	randrewsp@prnewswire.com	Male	115.216.68.8
27	Nicholas	Jenkins	njenkinsq@t.co	Male	49.141.118.160
28	Alan	Jenkins	ajenkinsr@symantec.com	Male	143.137.129.82
29	John	Morris	jmorriss@nature.com	Male	39.7.161.43
30	Stephen	Cox	scoxt@tuttocitta.it	Male	2.135.102.248
31	Marie	Ramirez	mramirezu@lulu.com	Female	128.136.49.214
32	Bonnie	Henderson	bhendersonv@chron.com	Female	32.32.167.150
33	Jacqueline	Johnson	jjohnsonw@twitter.com	Female	110.141.222.133
34	Eric	Perry	eperryx@soup.io	Male	176.224.222.108
35	Andrea	Johnston	ajohnstony@ucsd.edu	Female	58.35.179.3
36	Margaret	Simmons	msimmonsz@google.co.jp	Female	34.254.216.19
37	Dorothy	Sanders	dsanders10@homestead.com	Female	130.193.116.169
38	Alan	Russell	arussell11@wix.com	Male	110.46.185.240
39	Heather	Sanchez	hsanchez12@instagram.com	Female	24.7.194.84
40	Irene	Peterson	ipeterson13@opensource.org	Female	172.146.125.163
41	Brenda	Bryant	bbryant14@mozilla.org	Female	61.127.2.3
42	Frances	Garrett	fgarrett15@nih.gov	Female	31.255.232.125
43	Richard	Reed	rreed16@jigsy.com	Male	235.179.152.228
44	Ruth	Bowman	rbowman17@printfriendly.com	Female	208.74.100.181
45	Donna	Robertson	drobertson18@shareasale.com	Female	72.42.67.160
46	Juan	Myers	jmyers19@msn.com	Male	47.103.197.197
47	Melissa	Hunt	mhunt1a@ask.com	Female	93.61.64.46
48	Stephen	Ward	sward1b@canalblog.com	Male	205.71.221.170
49	Todd	Warren	twarren1c@fema.gov	Male	44.246.153.140
50	Jeremy	Reynolds	jreynolds1d@reference.com	Male	66.164.190.107
51	Steve	Ford	sford1e@joomla.org	Male	227.126.50.65
52	Rachel	Hughes	rhughes1f@loc.gov	Female	74.246.109.215
53	Jerry	Bell	jbell1g@prnewswire.com	Male	49.36.72.218
54	Marilyn	Jones	mjones1h@twitpic.com	Female	212.255.123.5
55	Ruth	Gray	rgray1i@psu.edu	Female	70.61.86.121
56	Jennifer	Morrison	jmorrison1j@auda.org.au	Female	219.102.154.95
57	James	Ward	jward1k@pbs.org	Male	145.9.166.87
58	Amanda	Phillips	aphillips1l@vistaprint.com	Female	151.204.189.169
59	Jesse	Diaz	jdiaz1m@arstechnica.com	Male	165.106.77.40
60	Paul	Murphy	pmurphy1n@bigcartel.com	Male	252.98.164.164
61	Sara	Walker	swalker1o@alexa.com	Female	228.236.221.24
62	Helen	Wagner	hwagner1p@weibo.com	Female	127.102.7.244
63	Steve	Garcia	sgarcia1q@slashdot.org	Male	78.174.169.117
64	Frank	Lawrence	flawrence1r@list-manage.com	Male	248.170.164.199
65	Diana	Ford	dford1s@gizmodo.com	Female	41.222.1.194
66	Marie	Castillo	mcastillo1t@aol.com	Female	193.97.128.39
67	Paul	Andrews	pandrews1u@dot.gov	Male	60.168.201.35
68	Lillian	Reid	lreid1v@sbwire.com	Female	46.8.252.192
69	Jeremy	Bennett	jbennett1w@163.com	Male	83.213.55.157
70	Thomas	Castillo	tcastillo1x@google.co.uk	Male	75.127.10.209
71	Samuel	Howard	showard1y@java.com	Male	110.196.226.45
72	Jean	Garrett	jgarrett1z@baidu.com	Female	181.191.193.11
73	Phillip	Cook	pcook20@patch.com	Male	133.91.104.145
74	Matthew	Crawford	mcrawford21@newsvine.com	Male	239.6.28.86
75	Michael	Martinez	mmartinez22@phpbb.com	Male	215.137.177.4
76	Catherine	Sanders	csanders23@oracle.com	Female	36.245.17.205
77	Daniel	Tucker	dtucker24@patch.com	Male	27.99.73.65
78	Rachel	Elliott	relliott25@dagondesign.com	Female	131.47.151.13
79	Karen	Williamson	kwilliamson26@php.net	Female	133.66.169.188
80	Victor	Hawkins	vhawkins27@amazonaws.com	Male	71.119.30.176
81	Doris	Green	dgreen28@comsenz.com	Female	67.16.35.83
82	Norma	Lopez	nlopez29@mediafire.com	Female	74.234.234.118
83	Marilyn	Scott	mscott2a@simplemachines.org	Female	53.87.199.64
84	Theresa	Carr	tcarr2b@amazonaws.com	Female	207.236.165.50
85	Charles	Griffin	cgriffin2c@free.fr	Male	112.32.225.143
86	Cheryl	Cole	ccole2d@census.gov	Female	126.35.140.72
87	Aaron	Garcia	agarcia2e@surveymonkey.com	Male	129.171.252.32
88	Daniel	Webb	dwebb2f@moonfruit.com	Male	145.29.205.90
89	Eric	Day	eday2g@mayoclinic.com	Male	152.239.11.191
90	Roy	Roberts	rroberts2h@de.vu	Male	203.86.250.9
91	Richard	Hernandez	rhernandez2i@umn.edu	Male	113.38.249.125
92	Jeffrey	Jordan	jjordan2j@google.fr	Male	254.85.106.79
93	Pamela	Brooks	pbrooks2k@zimbio.com	Female	162.93.93.112
94	Andrea	Wallace	awallace2l@etsy.com	Female	197.195.152.68
95	Christina	Wilson	cwilson2m@creativecommons.org	Female	139.160.135.77
96	Heather	Gibson	hgibson2n@walmart.com	Female	77.73.6.112
97	Jonathan	Lewis	jlewis2o@weebly.com	Male	130.180.49.180
98	Ann	Lawson	alawson2p@4shared.com	Female	88.113.89.101
99	Benjamin	Frazier	bfrazier2q@shutterfly.com	Male	130.153.63.84
100	Jeffrey	Wilson	jwilson2r@meetup.com	Male	149.4.83.23
101	Sarah	Bennett	sbennett2s@businessweek.com	Female	12.20.107.180
102	Tina	Porter	tporter2t@theatlantic.com	Female	188.178.133.145
103	Phyllis	Long	plong2u@php.net	Female	195.57.202.141
104	Jessica	Harris	jharris2v@fastcompany.com	Female	190.88.54.113
105	Larry	Powell	lpowell2w@archive.org	Male	237.52.74.202
106	Mildred	Oliver	moliver2x@chronoengine.com	Female	53.231.47.17
107	Carlos	Black	cblack2y@huffingtonpost.com	Male	210.210.237.30
108	Jeremy	Armstrong	jarmstrong2z@gov.uk	Male	198.69.48.165
109	Douglas	Larson	dlarson30@purevolume.com	Male	214.134.42.10
110	Antonio	Palmer	apalmer31@reference.com	Male	80.65.245.9
111	Carolyn	Carter	ccarter32@people.com.cn	Female	27.75.41.99
112	Richard	Duncan	rduncan33@ovh.net	Male	122.74.94.185
113	Joseph	Hudson	jhudson34@blinklist.com	Male	69.244.235.72
114	Barbara	Reyes	breyes35@auda.org.au	Female	207.39.6.83
115	Brandon	Collins	bcollins36@4shared.com	Male	167.92.124.117
116	Ryan	Martin	rmartin37@techcrunch.com	Male	93.204.55.56
117	Ashley	Woods	awoods38@opensource.org	Female	46.179.82.209
118	Joseph	Barnes	jbarnes39@dell.com	Male	129.59.227.235
119	Howard	Andrews	handrews3a@gov.uk	Male	181.4.26.123
120	Linda	Boyd	lboyd3b@cbslocal.com	Female	164.5.230.215
121	Sarah	Banks	sbanks3c@yahoo.co.jp	Female	223.183.3.164
122	Katherine	Payne	kpayne3d@webeden.co.uk	Female	58.167.164.200
123	Jerry	Morrison	jmorrison3e@google.com.hk	Male	34.190.151.172
124	Joseph	Gardner	jgardner3f@who.int	Male	69.103.243.1
125	Gerald	Henderson	ghenderson3g@yahoo.co.jp	Male	123.165.167.192
126	Henry	Martinez	hmartinez3h@icq.com	Male	183.95.251.245
127	Denise	Kelly	dkelly3i@tumblr.com	Female	28.152.26.124
128	Roger	Edwards	redwards3j@un.org	Male	28.141.229.185
129	Dorothy	Greene	dgreene3k@examiner.com	Female	108.227.172.75
130	Alice	Riley	ariley3l@meetup.com	Female	2.205.80.92
131	Henry	Olson	holson3m@t.co	Male	174.146.211.194
132	Diana	Hicks	dhicks3n@chicagotribune.com	Female	115.7.23.59
133	Cheryl	Matthews	cmatthews3o@google.cn	Female	205.174.122.29
134	Stephen	Kelly	skelly3p@newsvine.com	Male	137.91.217.44
135	Jonathan	Parker	jparker3q@yolasite.com	Male	83.247.207.104
136	Sarah	Reid	sreid3r@ihg.com	Female	106.15.170.226
137	Joseph	Lewis	jlewis3s@harvard.edu	Male	19.191.57.66
138	Doris	Nelson	dnelson3t@globo.com	Female	40.77.246.5
139	Richard	Scott	rscott3u@dailymail.co.uk	Male	114.234.46.90
140	Earl	Phillips	ephillips3v@illinois.edu	Male	21.48.189.46
141	Jack	Harris	jharris3w@wikia.com	Male	152.38.227.251
142	Todd	Moore	tmoore3x@howstuffworks.com	Male	106.196.184.98
143	Jacqueline	White	jwhite3y@delicious.com	Female	172.233.101.121
144	Annie	Fuller	afuller3z@fema.gov	Female	228.21.50.62
145	Larry	Hanson	lhanson40@360.cn	Male	137.175.242.126
146	Henry	Hernandez	hhernandez41@webeden.co.uk	Male	187.208.224.113
147	Anne	Matthews	amatthews42@acquirethisname.com	Female	82.161.85.178
148	Aaron	Chavez	achavez43@prlog.org	Male	218.166.76.232
149	Thomas	Burton	tburton44@cocolog-nifty.com	Male	119.114.113.79
150	Emily	Schmidt	eschmidt45@hc360.com	Female	200.62.187.186
151	Melissa	Porter	mporter46@hexun.com	Female	61.198.168.8
152	Gary	Ortiz	gortiz47@arizona.edu	Male	71.227.118.184
153	Susan	Fox	sfox48@ycombinator.com	Female	188.54.130.83
154	Terry	Greene	tgreene49@sphinn.com	Male	37.61.27.183
155	Amanda	Jackson	ajackson4a@cmu.edu	Female	113.50.108.2
156	Alice	Anderson	aanderson4b@dropbox.com	Female	237.70.55.222
157	Willie	Richardson	wrichardson4c@tripadvisor.com	Male	120.178.162.87
158	Joshua	Ruiz	jruiz4d@deviantart.com	Male	212.170.72.188
159	Mildred	Martinez	mmartinez4e@dyndns.org	Female	154.2.184.21
160	Mark	Perez	mperez4f@wired.com	Male	49.235.180.158
161	Carol	Gonzales	cgonzales4g@feedburner.com	Female	103.200.43.101
162	Antonio	Lynch	alynch4h@weebly.com	Male	196.123.145.39
163	Amanda	Morrison	amorrison4i@fda.gov	Female	113.182.166.44
164	Ronald	Sims	rsims4j@sina.com.cn	Male	109.186.18.61
165	Fred	Chavez	fchavez4k@nymag.com	Male	186.169.10.61
166	Deborah	Black	dblack4l@nymag.com	Female	39.189.62.241
167	Rachel	Berry	rberry4m@prweb.com	Female	204.251.51.252
168	Eric	Day	eday4n@etsy.com	Male	12.13.232.147
169	Edward	Franklin	efranklin4o@networkadvertising.org	Male	103.50.253.75
170	Carlos	Ryan	cryan4p@eventbrite.com	Male	154.1.200.151
171	Nicole	Collins	ncollins4q@auda.org.au	Female	175.17.164.34
172	Richard	Arnold	rarnold4r@shinystat.com	Male	66.205.57.50
173	Scott	Barnes	sbarnes4s@behance.net	Male	173.79.211.251
174	Shawn	Moreno	smoreno4t@exblog.jp	Male	11.62.232.184
175	Louis	Robertson	lrobertson4u@storify.com	Male	37.95.202.172
176	Gregory	Cook	gcook4v@phoca.cz	Male	131.53.221.19
177	Jason	Peters	jpeters4w@constantcontact.com	Male	4.117.69.82
178	Kathy	Marshall	kmarshall4x@histats.com	Female	106.240.27.102
179	Carol	King	cking4y@gov.uk	Female	169.85.244.254
180	Sean	Garrett	sgarrett4z@blogger.com	Male	98.200.105.184
181	Arthur	Hunter	ahunter50@ning.com	Male	36.141.211.40
182	Phillip	Sanders	psanders51@goo.ne.jp	Male	17.8.130.205
183	Andrea	Chapman	achapman52@cafepress.com	Female	31.68.248.214
184	Denise	Perry	dperry53@plala.or.jp	Female	170.26.34.53
185	Fred	Rice	frice54@mozilla.org	Male	199.17.199.119
186	Jason	Olson	jolson55@dagondesign.com	Male	104.202.222.108
187	David	Simpson	dsimpson56@who.int	Male	3.104.61.202
188	Matthew	Kim	mkim57@tripod.com	Male	30.160.52.70
189	Robin	Armstrong	rarmstrong58@artisteer.com	Female	7.140.32.29
190	Clarence	Nguyen	cnguyen59@t-online.de	Male	120.200.173.185
191	Anna	Martin	amartin5a@illinois.edu	Female	94.254.245.101
192	Bruce	Shaw	bshaw5b@bloglines.com	Male	170.82.15.55
193	Howard	Carter	hcarter5c@tamu.edu	Male	181.10.116.253
194	Marilyn	Hawkins	mhawkins5d@joomla.org	Female	24.232.187.17
195	Andrea	Matthews	amatthews5e@abc.net.au	Female	38.213.108.114
196	Lois	Myers	lmyers5f@opensource.org	Female	187.94.101.128
197	Judith	Gomez	jgomez5g@stumbleupon.com	Female	101.94.87.56
198	Phyllis	Thompson	pthompson5h@bloomberg.com	Female	151.169.64.167
199	Lori	Fox	lfox5i@disqus.com	Female	75.130.238.207
200	Andrea	Harris	aharris5j@economist.com	Female	247.11.204.87
201	Lisa	Cook	lcook5k@seesaa.net	Female	169.105.215.229
202	Todd	Martinez	tmartinez5l@tripadvisor.com	Male	116.130.134.137
203	Anne	Parker	aparker5m@reddit.com	Female	216.167.130.7
204	Kimberly	Hunter	khunter5n@mozilla.com	Female	174.51.14.173
205	Annie	Bradley	abradley5o@sun.com	Female	70.126.7.220
206	Johnny	Johnston	jjohnston5p@eepurl.com	Male	164.83.103.186
207	Deborah	Garcia	dgarcia5q@com.com	Female	253.166.41.204
208	Bruce	Simpson	bsimpson5r@weather.com	Male	133.12.25.235
209	Thomas	Fernandez	tfernandez5s@weebly.com	Male	131.255.51.213
210	Patrick	Hansen	phansen5t@unc.edu	Male	9.98.4.78
211	Amy	Wells	awells5u@wired.com	Female	68.167.71.69
212	Louis	Cooper	lcooper5v@state.tx.us	Male	155.235.36.20
213	Amanda	Gardner	agardner5w@4shared.com	Female	121.177.218.155
214	Ryan	Morrison	rmorrison5x@sourceforge.net	Male	111.219.31.25
215	Aaron	Morrison	amorrison5y@nba.com	Male	241.88.10.228
216	Jonathan	Thompson	jthompson5z@shareasale.com	Male	160.167.125.67
217	Mark	Matthews	mmatthews60@xinhuanet.com	Male	228.246.175.244
218	Todd	Anderson	tanderson61@dailymotion.com	Male	139.231.97.161
219	Jennifer	Palmer	jpalmer62@nsw.gov.au	Female	222.85.64.146
220	Howard	Marshall	hmarshall63@zimbio.com	Male	25.154.48.95
221	Sean	Edwards	sedwards64@artisteer.com	Male	239.87.202.213
222	Keith	Harper	kharper65@cbslocal.com	Male	49.195.14.37
223	Judith	Peterson	jpeterson66@last.fm	Female	89.250.146.7
224	Teresa	Bradley	tbradley67@unesco.org	Female	175.77.3.185
225	John	Patterson	jpatterson68@tinypic.com	Male	76.83.7.205
226	Patricia	James	pjames69@google.de	Female	183.193.181.136
227	Juan	Foster	jfoster6a@ft.com	Male	225.89.119.210
228	Kelly	Mason	kmason6b@oaic.gov.au	Female	133.220.90.15
229	William	Chapman	wchapman6c@bizjournals.com	Male	66.63.23.169
230	Virginia	Flores	vflores6d@friendfeed.com	Female	60.109.71.156
231	Jennifer	Hughes	jhughes6e@ft.com	Female	241.47.190.231
232	Peter	Stone	pstone6f@whitehouse.gov	Male	76.90.113.154
233	Joe	Grant	jgrant6g@yelp.com	Male	191.173.172.89
234	Margaret	Armstrong	marmstrong6h@cpanel.net	Female	80.88.111.50
235	Elizabeth	Rivera	erivera6i@cam.ac.uk	Female	148.155.129.16
236	Laura	Ward	lward6j@wordpress.com	Female	161.213.106.197
237	Catherine	Richardson	crichardson6k@umich.edu	Female	174.57.92.243
238	Julie	Edwards	jedwards6l@jigsy.com	Female	187.180.79.3
239	Ruby	Coleman	rcoleman6m@amazon.co.uk	Female	154.251.34.0
240	Janet	Simmons	jsimmons6n@tripadvisor.com	Female	253.75.36.140
241	Stephanie	Campbell	scampbell6o@usda.gov	Female	241.179.232.165
242	Daniel	Gutierrez	dgutierrez6p@stanford.edu	Male	3.202.22.121
243	Jane	Stewart	jstewart6q@reddit.com	Female	99.7.14.38
244	Jesse	Hernandez	jhernandez6r@imageshack.us	Male	130.211.37.249
245	Shawn	Webb	swebb6s@shutterfly.com	Male	139.164.210.195
246	Evelyn	Arnold	earnold6t@businessweek.com	Female	247.23.207.133
247	Rose	Austin	raustin6u@google.ru	Female	72.108.30.231
248	Nicole	Robinson	nrobinson6v@free.fr	Female	179.82.200.198
249	Phyllis	Hamilton	phamilton6w@scribd.com	Female	202.200.69.120
250	Anthony	Lynch	alynch6x@bbb.org	Male	86.252.78.56
251	Virginia	Johnston	vjohnston6y@blogger.com	Female	104.44.35.52
252	Bruce	Daniels	bdaniels6z@phoca.cz	Male	135.185.230.198
253	Tammy	Morales	tmorales70@scientificamerican.com	Female	59.194.88.61
254	Lois	Hughes	lhughes71@apple.com	Female	55.142.250.139
255	Keith	Spencer	kspencer72@examiner.com	Male	166.210.37.29
256	Julie	Grant	jgrant73@bluehost.com	Female	237.132.49.221
257	Paula	Schmidt	pschmidt74@businessweek.com	Female	71.201.157.148
258	Phyllis	Ford	pford75@gov.uk	Female	109.122.17.124
259	Carl	Freeman	cfreeman76@wufoo.com	Male	178.65.45.79
260	Jonathan	Murray	jmurray77@scientificamerican.com	Male	99.10.215.248
261	Harold	Perez	hperez78@bizjournals.com	Male	155.43.8.52
262	Thomas	Clark	tclark79@google.ru	Male	188.129.229.244
263	Justin	Hayes	jhayes7a@examiner.com	Male	143.39.251.59
264	Russell	Stanley	rstanley7b@networksolutions.com	Male	146.246.26.157
265	Laura	Stevens	lstevens7c@imageshack.us	Female	83.177.239.113
266	Martin	Cooper	mcooper7d@msu.edu	Male	47.245.12.62
267	Sara	Austin	saustin7e@ucoz.com	Female	141.87.240.175
268	Richard	Kim	rkim7f@dagondesign.com	Male	138.114.121.136
269	Todd	Brown	tbrown7g@feedburner.com	Male	102.69.109.186
270	Russell	Freeman	rfreeman7h@a8.net	Male	243.230.71.179
271	Jeffrey	Coleman	jcoleman7i@stumbleupon.com	Male	90.62.81.34
272	Maria	Anderson	manderson7j@shareasale.com	Female	255.96.143.135
273	Steve	Stewart	sstewart7k@pinterest.com	Male	179.35.77.132
274	Irene	Pierce	ipierce7l@feedburner.com	Female	238.49.53.1
275	Julie	Harper	jharper7m@w3.org	Female	186.28.158.156
276	Ralph	Elliott	relliott7n@fda.gov	Male	249.236.212.83
277	Larry	Wilson	lwilson7o@com.com	Male	110.254.65.229
278	Patricia	Cruz	pcruz7p@bloglines.com	Female	60.203.209.13
279	Anthony	Jacobs	ajacobs7q@merriam-webster.com	Male	227.221.19.54
280	Andrew	Mccoy	amccoy7r@vk.com	Male	60.120.212.47
281	Kathryn	Gibson	kgibson7s@wiley.com	Female	147.47.239.163
282	Billy	Fisher	bfisher7t@tripadvisor.com	Male	163.156.109.27
283	Alan	Hunt	ahunt7u@delicious.com	Male	108.102.137.65
284	Phillip	Oliver	poliver7v@wix.com	Male	88.55.101.143
285	Denise	Wallace	dwallace7w@patch.com	Female	24.63.190.131
286	Randy	Gutierrez	rgutierrez7x@rediff.com	Male	204.225.119.61
287	Johnny	Cruz	jcruz7y@marketwatch.com	Male	136.13.191.208
288	Christina	Arnold	carnold7z@unesco.org	Female	220.147.226.141
289	Debra	Fernandez	dfernandez80@nsw.gov.au	Female	36.123.42.128
290	Jimmy	Moreno	jmoreno81@si.edu	Male	158.185.124.203
291	Edward	Hudson	ehudson82@miibeian.gov.cn	Male	136.2.114.0
292	Sara	Mcdonald	smcdonald83@indiegogo.com	Female	248.70.145.154
293	Ashley	King	aking84@bluehost.com	Female	195.255.195.102
294	Linda	Davis	ldavis85@soup.io	Female	70.41.250.208
295	Barbara	Cunningham	bcunningham86@wordpress.org	Female	207.217.137.120
296	Amy	Simpson	asimpson87@tinyurl.com	Female	155.233.175.108
297	Jane	James	jjames88@wikia.com	Female	172.22.79.179
298	Linda	Warren	lwarren89@godaddy.com	Female	255.201.199.172
299	Rachel	Elliott	relliott8a@drupal.org	Female	5.123.236.188
300	Julia	Oliver	joliver8b@ed.gov	Female	111.69.239.67
301	Judith	Perry	jperry8c@bandcamp.com	Female	10.239.109.79
302	Charles	Lynch	clynch8d@guardian.co.uk	Male	155.157.208.161
303	Victor	Weaver	vweaver8e@imgur.com	Male	207.250.155.190
304	Jonathan	Gilbert	jgilbert8f@vimeo.com	Male	164.76.195.120
305	Donna	Brooks	dbrooks8g@census.gov	Female	208.16.235.207
306	Jerry	Baker	jbaker8h@wired.com	Male	89.57.234.161
307	Heather	Clark	hclark8i@joomla.org	Female	217.32.230.137
308	Sarah	Hernandez	shernandez8j@photobucket.com	Female	222.194.119.241
309	Phillip	Moreno	pmoreno8k@liveinternet.ru	Male	113.110.233.106
310	Jean	Torres	jtorres8l@nature.com	Female	30.71.154.119
311	Gloria	Mitchell	gmitchell8m@latimes.com	Female	132.141.147.96
312	Ann	Walker	awalker8n@oaic.gov.au	Female	74.96.241.221
313	Kimberly	Howard	khoward8o@t.co	Female	193.252.171.2
314	Karen	Franklin	kfranklin8p@hhs.gov	Female	106.120.87.79
315	Frank	Fowler	ffowler8q@behance.net	Male	234.141.191.36
316	Douglas	Montgomery	dmontgomery8r@wisc.edu	Male	40.152.139.131
317	Theresa	Ellis	tellis8s@deliciousdays.com	Female	122.182.203.195
318	Chris	Armstrong	carmstrong8t@sphinn.com	Male	22.13.203.229
319	Joan	Willis	jwillis8u@pcworld.com	Female	62.210.54.251
320	Judith	Adams	jadams8v@wunderground.com	Female	238.149.0.243
321	Matthew	Castillo	mcastillo8w@storify.com	Male	160.177.203.244
322	Johnny	Cole	jcole8x@paypal.com	Male	98.188.123.147
323	Albert	Armstrong	aarmstrong8y@spotify.com	Male	88.241.26.28
324	Kenneth	Arnold	karnold8z@icio.us	Male	250.158.128.5
325	Ernest	Anderson	eanderson90@amazon.com	Male	245.245.142.227
326	Jesse	Bradley	jbradley91@vk.com	Male	55.86.12.226
327	Paul	Coleman	pcoleman92@amazonaws.com	Male	147.223.41.23
328	Katherine	Banks	kbanks93@yahoo.com	Female	184.122.103.114
329	Steve	Peterson	speterson94@meetup.com	Male	29.242.94.40
330	Victor	Kennedy	vkennedy95@bizjournals.com	Male	174.58.181.21
331	Marie	Moreno	mmoreno96@youtube.com	Female	129.182.205.52
332	Albert	Dean	adean97@clickbank.net	Male	169.115.161.69
333	Betty	Henry	bhenry98@com.com	Female	9.70.176.87
334	Donald	Mitchell	dmitchell99@freewebs.com	Male	242.93.23.92
335	Dennis	Patterson	dpatterson9a@npr.org	Male	171.91.118.219
336	Joshua	Kim	jkim9b@reddit.com	Male	23.224.251.13
337	Philip	Foster	pfoster9c@sun.com	Male	172.181.155.247
338	Emily	Hughes	ehughes9d@furl.net	Female	74.238.217.32
339	Anthony	Little	alittle9e@linkedin.com	Male	145.156.27.209
340	Julie	Brooks	jbrooks9f@discovery.com	Female	129.190.167.194
341	Kathleen	Palmer	kpalmer9g@facebook.com	Female	210.115.81.137
342	Patrick	Kennedy	pkennedy9h@discovery.com	Male	195.159.81.176
343	Phillip	Scott	pscott9i@ifeng.com	Male	254.95.128.96
344	Gregory	Cunningham	gcunningham9j@smh.com.au	Male	203.33.141.0
345	Tina	Hicks	thicks9k@howstuffworks.com	Female	165.249.234.157
346	Patricia	Thomas	pthomas9l@mit.edu	Female	80.78.181.229
347	Lori	Black	lblack9m@list-manage.com	Female	139.151.40.38
348	Bruce	Bradley	bbradley9n@marketwatch.com	Male	105.195.94.224
349	Diana	Cox	dcox9o@reuters.com	Female	136.214.212.93
350	Matthew	Garcia	mgarcia9p@redcross.org	Male	251.234.252.194
351	Douglas	Stewart	dstewart9q@webmd.com	Male	192.211.218.20
352	Alan	Hayes	ahayes9r@forbes.com	Male	132.148.238.8
353	Steven	Green	sgreen9s@mapquest.com	Male	43.185.239.90
354	Nicole	Banks	nbanks9t@imageshack.us	Female	40.28.225.230
355	Steve	Wagner	swagner9u@eepurl.com	Male	126.243.38.161
356	Ashley	Mendoza	amendoza9v@shareasale.com	Female	70.191.149.29
357	Raymond	Elliott	relliott9w@qq.com	Male	189.212.208.54
358	Charles	Banks	cbanks9x@jiathis.com	Male	111.106.39.127
359	Wayne	Collins	wcollins9y@columbia.edu	Male	33.110.152.40
360	Julie	Cooper	jcooper9z@symantec.com	Female	194.39.151.36
361	Albert	Turner	aturnera0@unesco.org	Male	222.166.35.23
362	Adam	Hanson	ahansona1@ca.gov	Male	36.103.208.135
363	Jacqueline	Carroll	jcarrolla2@addthis.com	Female	71.32.222.103
364	Mary	Graham	mgrahama3@reverbnation.com	Female	94.43.61.219
365	Wanda	Barnes	wbarnesa4@desdev.cn	Female	91.199.108.158
366	Ronald	Olson	rolsona5@fc2.com	Male	210.247.198.196
367	Timothy	Woods	twoodsa6@theatlantic.com	Male	75.96.23.233
368	Ashley	Burton	aburtona7@1und1.de	Female	171.75.229.3
369	Angela	Adams	aadamsa8@lycos.com	Female	81.152.54.167
370	Kevin	Boyd	kboyda9@cam.ac.uk	Male	102.37.14.4
371	Frances	Sanchez	fsanchezaa@reverbnation.com	Female	155.185.24.219
372	Wanda	Hamilton	whamiltonab@booking.com	Female	108.106.171.219
373	Judy	Gutierrez	jgutierrezac@adobe.com	Female	75.104.20.184
374	Carolyn	Smith	csmithad@webmd.com	Female	181.102.150.240
375	Lisa	Medina	lmedinaae@biblegateway.com	Female	128.90.241.65
376	Tammy	Wood	twoodaf@yelp.com	Female	213.45.42.158
377	Scott	Black	sblackag@a8.net	Male	122.135.53.12
378	Wanda	Owens	wowensah@army.mil	Female	146.191.134.246
379	Angela	Jenkins	ajenkinsai@gmpg.org	Female	8.130.86.42
380	William	Rogers	wrogersaj@ihg.com	Male	121.242.126.204
381	Andrea	Bowman	abowmanak@exblog.jp	Female	71.179.10.142
382	Albert	Webb	awebbal@slashdot.org	Male	1.230.159.143
383	Wayne	Meyer	wmeyeram@washingtonpost.com	Male	229.239.61.55
384	Kelly	Ellis	kellisan@is.gd	Female	25.52.101.210
385	Donna	Thompson	dthompsonao@printfriendly.com	Female	18.193.226.238
386	Kathleen	Hunter	khunterap@dailymail.co.uk	Female	18.249.211.35
387	Rebecca	Stone	rstoneaq@theglobeandmail.com	Female	22.181.182.231
388	Susan	Shaw	sshawar@examiner.com	Female	10.203.119.128
389	Jessica	Castillo	jcastilloas@answers.com	Female	54.125.180.118
390	Nancy	Howell	nhowellat@free.fr	Female	177.43.15.33
391	Bobby	Clark	bclarkau@answers.com	Male	145.122.129.121
392	Jose	Cooper	jcooperav@sina.com.cn	Male	37.51.132.232
393	Jacqueline	Gibson	jgibsonaw@google.co.jp	Female	160.180.215.13
394	Tammy	Alvarez	talvarezax@e-recht24.de	Female	243.218.110.201
395	Julia	Hicks	jhicksay@instagram.com	Female	252.168.21.205
396	Sandra	Boyd	sboydaz@odnoklassniki.ru	Female	182.139.151.72
397	Anne	Sullivan	asullivanb0@addtoany.com	Female	224.167.133.190
398	Nancy	Reid	nreidb1@google.fr	Female	112.86.195.69
399	Willie	Knight	wknightb2@bloglovin.com	Male	174.255.1.130
400	Nicholas	Carpenter	ncarpenterb3@diigo.com	Male	15.77.84.24
401	Johnny	Gutierrez	jgutierrezb4@ucoz.com	Male	129.140.65.173
402	Jose	Kim	jkimb5@netvibes.com	Male	39.126.158.184
403	Robert	Franklin	rfranklinb6@ustream.tv	Male	19.101.181.176
404	Julie	Alvarez	jalvarezb7@reuters.com	Female	198.23.70.170
405	Tammy	Wells	twellsb8@prlog.org	Female	170.56.224.111
406	Christine	Brooks	cbrooksb9@salon.com	Female	251.163.37.83
407	Donald	Wells	dwellsba@yandex.ru	Male	195.5.29.200
408	Mark	Murphy	mmurphybb@blogtalkradio.com	Male	152.29.54.147
409	Mildred	Burke	mburkebc@cloudflare.com	Female	77.123.196.54
410	Pamela	Campbell	pcampbellbd@example.com	Female	240.228.151.223
411	George	Long	glongbe@qq.com	Male	167.160.12.35
412	Roger	Evans	revansbf@xing.com	Male	111.97.248.128
413	Theresa	Carter	tcarterbg@gnu.org	Female	30.237.5.63
414	Christopher	Lee	cleebh@bandcamp.com	Male	202.3.138.247
415	Carlos	Castillo	ccastillobi@wufoo.com	Male	246.200.4.85
416	Louis	Hart	lhartbj@ask.com	Male	219.217.254.199
417	Aaron	Turner	aturnerbk@yahoo.com	Male	150.71.18.134
418	Terry	Mason	tmasonbl@goo.ne.jp	Male	41.48.125.69
419	Adam	Roberts	arobertsbm@addtoany.com	Male	191.93.26.76
420	Maria	Robertson	mrobertsonbn@lycos.com	Female	192.30.17.140
421	Diana	Franklin	dfranklinbo@abc.net.au	Female	57.80.204.30
422	Christopher	Meyer	cmeyerbp@php.net	Male	15.69.161.102
423	Jennifer	Romero	jromerobq@yellowbook.com	Female	127.172.74.82
424	Dennis	Coleman	dcolemanbr@wordpress.com	Male	129.14.170.24
425	John	Ford	jfordbs@angelfire.com	Male	134.6.53.173
426	Ronald	Kim	rkimbt@amazon.co.jp	Male	209.133.161.239
427	Doris	Armstrong	darmstrongbu@wikia.com	Female	104.27.97.179
428	Richard	Peters	rpetersbv@gov.uk	Male	246.52.128.199
429	Robin	Harper	rharperbw@freewebs.com	Female	141.108.110.88
430	Doris	Kelley	dkelleybx@usa.gov	Female	161.7.63.224
431	Patricia	Berry	pberryby@youtu.be	Female	89.195.95.224
432	Jesse	Moreno	jmorenobz@delicious.com	Male	64.201.173.20
433	Keith	Patterson	kpattersonc0@chicagotribune.com	Male	232.42.150.228
434	Kimberly	Mendoza	kmendozac1@webnode.com	Female	173.182.229.153
435	Joe	Dean	jdeanc2@google.cn	Male	215.57.208.58
436	Melissa	Dean	mdeanc3@quantcast.com	Female	163.108.16.207
437	Catherine	Ortiz	cortizc4@cdbaby.com	Female	212.251.35.66
438	Phyllis	Fox	pfoxc5@typepad.com	Female	72.244.208.20
439	Patrick	Gordon	pgordonc6@arizona.edu	Male	41.126.163.87
440	Mark	Rogers	mrogersc7@dyndns.org	Male	236.92.68.57
441	Harry	Shaw	hshawc8@army.mil	Male	69.84.190.12
442	Christopher	Allen	callenc9@aol.com	Male	220.100.29.75
443	Jesse	Roberts	jrobertsca@unesco.org	Male	114.229.166.159
444	Frances	Barnes	fbarnescb@alexa.com	Female	22.215.200.117
445	Carolyn	Murphy	cmurphycc@bloomberg.com	Female	180.147.69.178
446	Roger	Barnes	rbarnescd@meetup.com	Male	143.115.176.141
447	Louise	Brown	lbrownce@vimeo.com	Female	5.227.110.49
448	Aaron	Mcdonald	amcdonaldcf@photobucket.com	Male	200.249.110.84
449	Arthur	Diaz	adiazcg@vinaora.com	Male	89.125.253.91
450	Christina	Allen	callench@seesaa.net	Female	192.94.134.153
451	Kathy	Shaw	kshawci@addthis.com	Female	107.99.186.115
452	Chris	Reyes	creyescj@prweb.com	Male	163.33.7.114
453	Patrick	Garcia	pgarciack@gravatar.com	Male	219.127.129.137
454	Dorothy	Phillips	dphillipscl@smugmug.com	Female	233.190.81.52
455	Jessica	Meyer	jmeyercm@vinaora.com	Female	153.44.56.182
456	Brenda	Anderson	bandersoncn@liveinternet.ru	Female	21.141.100.93
457	Antonio	Bell	abellco@infoseek.co.jp	Male	48.35.32.126
458	Adam	Taylor	ataylorcp@pagesperso-orange.fr	Male	124.82.115.144
459	Rachel	Powell	rpowellcq@cpanel.net	Female	132.166.146.89
460	Jason	Mason	jmasoncr@nhs.uk	Male	40.227.111.126
461	Andrew	Garza	agarzacs@cbslocal.com	Male	39.175.61.167
462	Jacqueline	Arnold	jarnoldct@globo.com	Female	141.73.224.75
463	Denise	Freeman	dfreemancu@163.com	Female	57.151.122.197
464	Craig	Lee	cleecv@angelfire.com	Male	134.125.195.34
465	Bonnie	Chavez	bchavezcw@printfriendly.com	Female	125.5.58.165
466	Karen	Anderson	kandersoncx@behance.net	Female	61.239.52.155
467	James	Frazier	jfraziercy@businessweek.com	Male	224.234.233.119
468	Juan	Collins	jcollinscz@mapquest.com	Male	42.107.175.90
469	Barbara	West	bwestd0@state.gov	Female	49.17.22.169
470	Melissa	Perry	mperryd1@wunderground.com	Female	232.191.140.88
471	Nicholas	Ross	nrossd2@rakuten.co.jp	Male	12.34.23.206
472	Sandra	Olson	solsond3@prlog.org	Female	162.102.70.202
473	Donald	Welch	dwelchd4@wufoo.com	Male	99.85.78.223
474	Norma	Rice	nriced5@guardian.co.uk	Female	65.14.214.196
475	Keith	Gilbert	kgilbertd6@ft.com	Male	253.226.8.77
476	Bruce	Robertson	brobertsond7@twitter.com	Male	164.179.44.4
477	Fred	Peterson	fpetersond8@nsw.gov.au	Male	199.225.96.205
478	Rose	Mccoy	rmccoyd9@list-manage.com	Female	98.52.199.235
479	Harry	Dixon	hdixonda@typepad.com	Male	1.152.206.86
480	Jose	Lawrence	jlawrencedb@google.com.au	Male	64.64.65.185
481	Alice	Hart	ahartdc@blogger.com	Female	219.143.199.180
482	Phyllis	Bryant	pbryantdd@cbsnews.com	Female	78.175.74.18
483	Kathy	Edwards	kedwardsde@technorati.com	Female	185.128.87.209
484	Ryan	Spencer	rspencerdf@independent.co.uk	Male	130.63.12.154
485	Nicholas	Warren	nwarrendg@irs.gov	Male	241.103.174.235
486	Nancy	Reyes	nreyesdh@privacy.gov.au	Female	78.167.10.247
487	Jimmy	Scott	jscottdi@typepad.com	Male	190.253.198.60
488	Helen	Myers	hmyersdj@goodreads.com	Female	19.96.228.133
489	Brian	Medina	bmedinadk@umich.edu	Male	180.252.91.70
490	Keith	Reid	kreiddl@usa.gov	Male	158.192.224.158
491	Andrea	Wood	awooddm@wired.com	Female	20.221.59.245
492	Debra	Ruiz	druizdn@livejournal.com	Female	184.245.54.238
493	Denise	Shaw	dshawdo@vk.com	Female	62.254.113.20
494	Lisa	Morrison	lmorrisondp@boston.com	Female	40.214.205.72
495	Paul	Brown	pbrowndq@cornell.edu	Male	64.238.59.188
496	Martha	Morgan	mmorgandr@opensource.org	Female	233.147.214.44
497	Sharon	Hudson	shudsonds@washington.edu	Female	62.152.48.30
498	Adam	Collins	acollinsdt@delicious.com	Male	34.183.139.81
499	Adam	Pierce	apiercedu@google.com.br	Male	129.239.35.226
500	George	Woods	gwoodsdv@reverbnation.com	Male	230.199.0.48
501	Jesse	Graham	jgrahamdw@google.com.hk	Male	164.232.243.45
502	Michelle	Parker	mparkerdx@devhub.com	Female	135.133.238.99
503	Paula	Franklin	pfranklindy@cnet.com	Female	7.77.34.199
504	Roger	Cunningham	rcunninghamdz@flavors.me	Male	91.241.191.119
505	Harry	Robinson	hrobinsone0@xrea.com	Male	241.33.194.213
506	Rose	Cole	rcolee1@liveinternet.ru	Female	232.162.156.124
507	Kimberly	Marshall	kmarshalle2@chicagotribune.com	Female	28.242.77.54
508	Carl	Kennedy	ckennedye3@wp.com	Male	226.239.112.226
509	Jose	Smith	jsmithe4@oaic.gov.au	Male	237.117.39.53
510	Samuel	Ryan	sryane5@sohu.com	Male	20.159.40.29
511	Carol	Harrison	charrisone6@macromedia.com	Female	223.198.172.106
512	Brian	Mason	bmasone7@chicagotribune.com	Male	137.160.90.240
513	Chris	Barnes	cbarnese8@state.gov	Male	34.99.137.126
514	Ashley	Jones	ajonese9@wikimedia.org	Female	221.134.123.66
515	Ann	Nelson	anelsonea@ucoz.com	Female	162.41.132.91
516	Louise	Hansen	lhanseneb@ask.com	Female	240.143.7.114
517	Maria	Cox	mcoxec@hp.com	Female	183.134.243.35
518	Walter	Montgomery	wmontgomeryed@joomla.org	Male	172.250.211.130
519	Paul	Myers	pmyersee@ihg.com	Male	129.235.83.180
520	Lisa	Banks	lbanksef@skyrock.com	Female	225.242.74.209
521	Karen	Pierce	kpierceeg@boston.com	Female	206.171.193.70
522	Nicole	Banks	nbankseh@washington.edu	Female	127.52.47.235
523	Jimmy	Jordan	jjordanei@sakura.ne.jp	Male	118.183.105.34
524	Victor	Diaz	vdiazej@tripadvisor.com	Male	87.231.72.172
525	Phillip	Crawford	pcrawfordek@webnode.com	Male	227.6.3.20
526	Jeffrey	Knight	jknightel@skype.com	Male	65.193.201.51
527	Helen	Gutierrez	hgutierrezem@skype.com	Female	123.210.194.224
528	Lillian	Weaver	lweaveren@chronoengine.com	Female	10.255.219.254
529	Gerald	Arnold	garnoldeo@scribd.com	Male	95.49.74.32
530	Nancy	Welch	nwelchep@stumbleupon.com	Female	214.126.172.93
531	Joshua	Torres	jtorreseq@bloomberg.com	Male	182.176.177.82
532	Raymond	Wright	rwrighter@alexa.com	Male	200.42.179.71
533	Billy	Hudson	bhudsones@theatlantic.com	Male	239.132.47.177
534	Ann	Green	agreenet@posterous.com	Female	187.224.77.228
535	Paul	Cox	pcoxeu@linkedin.com	Male	0.21.101.188
536	Stephanie	Gray	sgrayev@java.com	Female	106.33.13.147
537	Victor	Lopez	vlopezew@dedecms.com	Male	249.33.129.175
538	Ralph	Hall	rhallex@comsenz.com	Male	220.79.225.191
539	Frances	Snyder	fsnyderey@theatlantic.com	Female	28.92.173.250
540	Mildred	Clark	mclarkez@patch.com	Female	24.109.98.125
541	Alice	Gibson	agibsonf0@bloglines.com	Female	91.90.252.198
542	Sara	Stewart	sstewartf1@techcrunch.com	Female	126.108.116.254
543	Stephanie	Frazier	sfrazierf2@cafepress.com	Female	243.166.254.45
544	Shirley	Carroll	scarrollf3@arizona.edu	Female	199.66.95.207
545	Ryan	Mason	rmasonf4@pcworld.com	Male	233.149.223.68
546	Kenneth	Payne	kpaynef5@constantcontact.com	Male	248.67.113.43
547	Raymond	Hughes	rhughesf6@google.fr	Male	230.241.221.34
548	Charles	Grant	cgrantf7@wufoo.com	Male	232.244.32.124
549	Roger	Willis	rwillisf8@weather.com	Male	63.143.17.65
550	Debra	Wheeler	dwheelerf9@vinaora.com	Female	197.38.28.20
551	Adam	Perez	aperezfa@zdnet.com	Male	75.11.124.8
552	Carlos	Elliott	celliottfb@webnode.com	Male	169.215.136.19
553	Norma	Gutierrez	ngutierrezfc@live.com	Female	106.92.108.193
554	Ronald	Crawford	rcrawfordfd@archive.org	Male	219.210.53.78
555	Walter	Foster	wfosterfe@bravesites.com	Male	25.185.109.244
556	Helen	Berry	hberryff@amazon.de	Female	176.109.176.56
557	Bruce	Bell	bbellfg@sogou.com	Male	131.148.214.158
558	Cynthia	Stanley	cstanleyfh@wp.com	Female	122.164.167.53
559	Raymond	Clark	rclarkfi@free.fr	Male	231.3.182.150
560	Randy	Butler	rbutlerfj@comcast.net	Male	41.158.139.228
561	Samuel	King	skingfk@sina.com.cn	Male	76.236.250.120
562	Helen	Bowman	hbowmanfl@geocities.jp	Female	224.81.217.75
563	Justin	Gibson	jgibsonfm@cbslocal.com	Male	121.244.118.104
564	Jose	Kelly	jkellyfn@theatlantic.com	Male	12.86.165.248
565	Tina	Meyer	tmeyerfo@pagesperso-orange.fr	Female	191.31.60.38
566	Gloria	Johnson	gjohnsonfp@sciencedaily.com	Female	102.6.65.194
567	Sharon	Patterson	spattersonfq@liveinternet.ru	Female	26.234.157.32
568	Phyllis	Frazier	pfrazierfr@qq.com	Female	19.243.72.202
569	Pamela	Banks	pbanksfs@quantcast.com	Female	170.68.54.173
570	Patrick	Hudson	phudsonft@baidu.com	Male	91.145.171.145
571	Ryan	Medina	rmedinafu@europa.eu	Male	106.105.201.165
572	Beverly	Harper	bharperfv@ovh.net	Female	231.43.244.198
573	Martin	Wilson	mwilsonfw@google.com.br	Male	201.88.240.50
574	Wanda	Lane	wlanefx@mysql.com	Female	78.165.172.253
575	Carolyn	Garrett	cgarrettfy@msu.edu	Female	224.98.54.67
576	Barbara	Shaw	bshawfz@geocities.com	Female	23.140.13.145
577	Billy	Johnston	bjohnstong0@ebay.co.uk	Male	88.244.252.227
578	Gregory	Crawford	gcrawfordg1@webmd.com	Male	68.172.65.114
579	George	Vasquez	gvasquezg2@vimeo.com	Male	140.202.155.58
580	Frances	Morrison	fmorrisong3@cnet.com	Female	120.196.2.5
581	Joan	Foster	jfosterg4@ycombinator.com	Female	181.84.80.155
582	Chris	Brown	cbrowng5@qq.com	Male	47.142.13.249
583	Cynthia	Jones	cjonesg6@goo.gl	Female	155.218.15.136
584	Emily	Fox	efoxg7@amazonaws.com	Female	117.174.192.13
585	Gerald	Black	gblackg8@blog.com	Male	180.250.39.27
586	Patricia	Morrison	pmorrisong9@pen.io	Female	110.40.181.146
587	Sean	Dixon	sdixonga@about.com	Male	73.90.50.200
588	Jennifer	Spencer	jspencergb@japanpost.jp	Female	150.243.86.28
589	Sean	Evans	sevansgc@apache.org	Male	233.26.52.52
590	Robin	Washington	rwashingtongd@yandex.ru	Female	14.17.132.209
591	Phillip	Smith	psmithge@digg.com	Male	146.125.217.206
592	Patrick	Turner	pturnergf@aol.com	Male	146.32.39.141
593	Joan	Roberts	jrobertsgg@dailymail.co.uk	Female	20.142.219.136
594	Antonio	Bowman	abowmangh@cbsnews.com	Male	54.15.227.80
595	Andrew	Garrett	agarrettgi@independent.co.uk	Male	96.88.197.76
596	Arthur	Ortiz	aortizgj@wired.com	Male	172.31.79.66
597	Kathryn	Bradley	kbradleygk@netscape.com	Female	65.34.231.112
598	Peter	Moore	pmooregl@freewebs.com	Male	233.221.133.66
599	Bonnie	Burke	bburkegm@studiopress.com	Female	14.0.178.92
600	Kimberly	Williams	kwilliamsgn@weather.com	Female	32.48.157.134
601	Jeffrey	Spencer	jspencergo@desdev.cn	Male	80.0.199.36
602	Evelyn	Lopez	elopezgp@tripadvisor.com	Female	8.159.203.15
603	Victor	Bennett	vbennettgq@discovery.com	Male	229.193.226.81
604	Judith	Hawkins	jhawkinsgr@diigo.com	Female	30.28.39.240
605	Todd	Kelly	tkellygs@addtoany.com	Male	178.78.49.168
606	John	Kennedy	jkennedygt@guardian.co.uk	Male	155.92.67.183
607	Ruth	Bradley	rbradleygu@hubpages.com	Female	117.123.74.137
608	Paul	Bailey	pbaileygv@hhs.gov	Male	207.148.90.172
609	Carlos	Long	clonggw@house.gov	Male	118.18.221.110
610	Willie	Lawrence	wlawrencegx@cocolog-nifty.com	Male	222.103.155.150
611	Clarence	Sanders	csandersgy@g.co	Male	235.61.104.7
612	Christopher	Bishop	cbishopgz@xinhuanet.com	Male	224.216.112.9
613	Joan	Bailey	jbaileyh0@whitehouse.gov	Female	193.117.190.69
614	Christina	Bennett	cbennetth1@mozilla.com	Female	23.238.57.76
615	Edward	Garcia	egarciah2@feedburner.com	Male	84.94.112.28
616	Theresa	Jones	tjonesh3@java.com	Female	143.73.81.137
617	Lillian	Fuller	lfullerh4@wikipedia.org	Female	72.70.72.110
618	Linda	Washington	lwashingtonh5@princeton.edu	Female	130.190.241.211
619	Emily	Harvey	eharveyh6@goo.ne.jp	Female	243.133.196.204
620	Wayne	Rose	wroseh7@hhs.gov	Male	126.181.232.153
621	Philip	Fuller	pfullerh8@buzzfeed.com	Male	255.179.114.45
622	Virginia	Reynolds	vreynoldsh9@webnode.com	Female	242.214.199.230
623	Doris	Moreno	dmorenoha@npr.org	Female	185.55.42.40
624	Robert	Payne	rpaynehb@tinyurl.com	Male	160.99.54.188
625	Christine	Henry	chenryhc@cnn.com	Female	180.230.89.242
626	Gary	Gutierrez	ggutierrezhd@free.fr	Male	228.222.36.0
627	Susan	Jenkins	sjenkinshe@dailymotion.com	Female	99.79.171.44
628	Joyce	Wilson	jwilsonhf@w3.org	Female	77.249.1.69
629	Lois	Mills	lmillshg@histats.com	Female	190.143.214.233
630	Phyllis	Hunt	phunthh@newsvine.com	Female	117.110.168.208
631	Carolyn	Ford	cfordhi@noaa.gov	Female	235.88.89.155
632	Ashley	Myers	amyershj@usa.gov	Female	222.139.212.59
633	Gerald	Stevens	gstevenshk@ed.gov	Male	181.159.217.124
634	Phillip	Reed	preedhl@foxnews.com	Male	105.28.114.71
635	Linda	Gray	lgrayhm@gravatar.com	Female	178.19.144.223
636	Steve	Griffin	sgriffinhn@instagram.com	Male	6.169.127.179
637	George	Ross	grossho@earthlink.net	Male	99.172.125.119
638	Phillip	Dean	pdeanhp@ed.gov	Male	40.152.163.114
639	Clarence	Campbell	ccampbellhq@topsy.com	Male	182.152.180.61
640	Heather	Johnson	hjohnsonhr@diigo.com	Female	253.92.183.182
641	Norma	Jacobs	njacobshs@prweb.com	Female	167.2.68.229
642	Russell	Murphy	rmurphyht@disqus.com	Male	177.248.139.43
643	Michelle	Larson	mlarsonhu@nih.gov	Female	53.78.195.26
644	Anthony	Franklin	afranklinhv@abc.net.au	Male	161.172.40.83
645	Nicole	Ruiz	nruizhw@addthis.com	Female	69.112.127.0
646	Julie	Smith	jsmithhx@engadget.com	Female	209.114.159.42
647	Martin	Harvey	mharveyhy@hc360.com	Male	56.200.81.167
648	Denise	Thompson	dthompsonhz@boston.com	Female	245.9.29.175
649	Nancy	Cunningham	ncunninghami0@dropbox.com	Female	125.234.79.52
650	Amy	Rodriguez	arodriguezi1@creativecommons.org	Female	105.245.30.206
651	Keith	Gardner	kgardneri2@zdnet.com	Male	237.89.69.29
652	Thomas	Anderson	tandersoni3@goodreads.com	Male	121.212.187.69
653	Nicholas	Lee	nleei4@nyu.edu	Male	6.65.52.187
654	Timothy	Stanley	tstanleyi5@google.de	Male	171.200.255.192
655	Mary	Gilbert	mgilberti6@webnode.com	Female	241.237.17.106
656	Donna	Hughes	dhughesi7@google.ca	Female	128.168.239.195
657	Harry	Robinson	hrobinsoni8@cargocollective.com	Male	216.195.70.177
658	Jack	Lane	jlanei9@theatlantic.com	Male	227.166.35.24
659	Russell	Kennedy	rkennedyia@illinois.edu	Male	235.90.57.133
660	Henry	Wagner	hwagnerib@dion.ne.jp	Male	173.236.232.191
661	Fred	Banks	fbanksic@examiner.com	Male	140.123.119.73
662	Anne	Hudson	ahudsonid@state.gov	Female	48.90.128.23
663	Joshua	Burke	jburkeie@businessinsider.com	Male	184.45.70.47
664	Michelle	Matthews	mmatthewsif@geocities.com	Female	102.141.198.6
665	Joan	Morales	jmoralesig@usda.gov	Female	150.35.76.28
666	Shirley	Peters	spetersih@hatena.ne.jp	Female	81.237.224.140
667	Samuel	James	sjamesii@github.com	Male	63.250.106.66
668	Emily	Green	egreenij@yahoo.com	Female	206.170.174.126
669	Diana	Hamilton	dhamiltonik@live.com	Female	129.126.2.24
670	Alan	Mitchell	amitchellil@independent.co.uk	Male	87.9.34.227
671	Roger	Stephens	rstephensim@soup.io	Male	230.90.74.151
672	Phillip	Shaw	pshawin@hubpages.com	Male	203.166.195.116
673	Marilyn	Morris	mmorrisio@arizona.edu	Female	27.19.148.228
674	Judith	Black	jblackip@engadget.com	Female	139.102.189.120
675	Betty	Gutierrez	bgutierreziq@canalblog.com	Female	134.33.73.226
676	Daniel	Hawkins	dhawkinsir@chronoengine.com	Male	173.68.178.15
677	Mary	Schmidt	mschmidtis@jugem.jp	Female	143.131.43.151
678	Donna	Owens	dowensit@spotify.com	Female	142.76.234.23
679	Sara	Sanders	ssandersiu@blinklist.com	Female	66.248.253.50
680	Frank	Johnston	fjohnstoniv@vistaprint.com	Male	56.18.108.114
681	Jerry	Gordon	jgordoniw@tmall.com	Male	132.24.215.240
682	Marilyn	Campbell	mcampbellix@freewebs.com	Female	76.204.104.157
683	Shirley	Fuller	sfulleriy@newyorker.com	Female	254.211.142.174
684	Andrew	Richardson	arichardsoniz@cafepress.com	Male	19.12.103.154
685	Scott	Scott	sscottj0@cbsnews.com	Male	10.234.193.64
686	Alan	Frazier	afrazierj1@fotki.com	Male	133.219.90.95
687	Brian	Jacobs	bjacobsj2@xinhuanet.com	Male	74.4.35.7
688	Harold	Fields	hfieldsj3@vinaora.com	Male	194.188.85.214
689	Paula	Davis	pdavisj4@desdev.cn	Female	175.145.164.140
690	Brian	Ramos	bramosj5@domainmarket.com	Male	189.99.39.134
691	Jessica	Ellis	jellisj6@earthlink.net	Female	56.122.241.9
692	Craig	Reed	creedj7@123-reg.co.uk	Male	30.231.48.215
693	Joseph	Medina	jmedinaj8@multiply.com	Male	119.223.137.165
694	Jesse	Alexander	jalexanderj9@yahoo.co.jp	Male	97.21.106.133
695	Steven	Gomez	sgomezja@blogger.com	Male	152.60.100.229
696	Adam	Burke	aburkejb@typepad.com	Male	23.156.96.5
697	Ruby	Boyd	rboydjc@ebay.co.uk	Female	247.165.212.158
698	Terry	Hawkins	thawkinsjd@craigslist.org	Male	229.192.8.36
699	Ruth	James	rjamesje@posterous.com	Female	89.57.84.212
700	Carol	Lane	clanejf@scientificamerican.com	Female	212.13.179.61
701	Nancy	Ramos	nramosjg@google.it	Female	100.108.122.97
702	Earl	Lane	elanejh@lycos.com	Male	209.249.126.168
703	Victor	Perry	vperryji@mashable.com	Male	93.29.64.181
704	Roy	Webb	rwebbjj@seesaa.net	Male	193.131.167.229
705	Justin	Howard	jhowardjk@miibeian.gov.cn	Male	137.34.72.222
706	Shawn	Graham	sgrahamjl@gnu.org	Male	62.181.4.108
707	Ann	Jacobs	ajacobsjm@joomla.org	Female	126.27.208.24
708	Martin	Wheeler	mwheelerjn@wp.com	Male	55.175.193.30
709	Matthew	Gutierrez	mgutierrezjo@google.com	Male	141.3.199.186
710	Dennis	Rodriguez	drodriguezjp@npr.org	Male	75.18.186.89
711	Victor	Garcia	vgarciajq@twitpic.com	Male	81.206.67.78
712	Todd	Hill	thilljr@europa.eu	Male	119.208.254.119
713	Frank	Gomez	fgomezjs@360.cn	Male	240.121.51.148
714	Gregory	Grant	ggrantjt@hibu.com	Male	232.60.85.100
715	John	Lopez	jlopezju@artisteer.com	Male	4.225.154.37
716	Michelle	Russell	mrusselljv@marriott.com	Female	146.216.220.31
717	Lisa	Ortiz	lortizjw@accuweather.com	Female	178.130.19.81
718	Mark	Owens	mowensjx@angelfire.com	Male	57.40.246.120
719	Sandra	Lawson	slawsonjy@issuu.com	Female	74.163.130.101
720	Kenneth	Shaw	kshawjz@howstuffworks.com	Male	90.235.195.83
721	Willie	Snyder	wsnyderk0@msn.com	Male	72.237.153.205
722	Joan	Martinez	jmartinezk1@apple.com	Female	213.116.153.121
723	Cheryl	Perkins	cperkinsk2@forbes.com	Female	164.128.116.90
724	Ashley	Fuller	afullerk3@time.com	Female	40.61.213.192
725	Ashley	Porter	aporterk4@barnesandnoble.com	Female	188.192.9.145
726	Joyce	Cole	jcolek5@state.tx.us	Female	52.135.206.245
727	Scott	Baker	sbakerk6@eepurl.com	Male	132.190.18.18
728	Beverly	Edwards	bedwardsk7@lycos.com	Female	67.175.254.65
729	Mark	Cole	mcolek8@infoseek.co.jp	Male	195.13.118.68
730	Fred	Rodriguez	frodriguezk9@prlog.org	Male	192.233.56.128
731	Emily	Fowler	efowlerka@tinyurl.com	Female	217.80.212.227
732	Raymond	Walker	rwalkerkb@cyberchimps.com	Male	142.54.58.69
733	Ruth	Montgomery	rmontgomerykc@netscape.com	Female	252.67.116.201
734	Diana	Mason	dmasonkd@goo.ne.jp	Female	177.70.32.147
735	Helen	Smith	hsmithke@patch.com	Female	15.91.79.108
736	Heather	Ross	hrosskf@nationalgeographic.com	Female	175.99.69.223
737	Roger	Peterson	rpetersonkg@nymag.com	Male	83.172.66.161
738	Gary	Patterson	gpattersonkh@hostgator.com	Male	9.255.214.91
739	Charles	Perez	cperezki@amazon.de	Male	62.147.28.109
740	Patrick	Bennett	pbennettkj@independent.co.uk	Male	105.119.53.202
741	Ernest	Elliott	eelliottkk@imageshack.us	Male	248.109.138.39
742	Heather	Evans	hevanskl@spiegel.de	Female	178.38.162.24
743	Jack	Payne	jpaynekm@printfriendly.com	Male	90.184.233.107
744	Juan	Palmer	jpalmerkn@nifty.com	Male	17.134.214.248
745	Alan	Schmidt	aschmidtko@guardian.co.uk	Male	155.211.255.48
746	Daniel	Frazier	dfrazierkp@163.com	Male	214.241.117.139
747	Tina	Daniels	tdanielskq@sakura.ne.jp	Female	21.254.86.221
748	Linda	Nelson	lnelsonkr@discovery.com	Female	162.37.113.214
749	Rose	Nguyen	rnguyenks@netscape.com	Female	167.212.28.79
750	Cynthia	Reid	creidkt@shinystat.com	Female	231.149.222.130
751	Julia	Peters	jpetersku@ucoz.com	Female	101.141.102.241
752	Jack	Lopez	jlopezkv@usda.gov	Male	237.248.215.62
753	Ruby	Sullivan	rsullivankw@csmonitor.com	Female	250.168.227.90
754	Walter	Graham	wgrahamkx@dell.com	Male	85.169.250.85
755	Earl	Powell	epowellky@pen.io	Male	24.53.84.223
756	Carol	Ray	craykz@ask.com	Female	117.229.27.159
757	Ernest	Meyer	emeyerl0@cafepress.com	Male	109.89.203.18
758	Jeffrey	Ellis	jellisl1@nhs.uk	Male	149.211.16.147
759	Nancy	Schmidt	nschmidtl2@amazon.co.jp	Female	225.42.97.177
760	Kenneth	Knight	kknightl3@craigslist.org	Male	93.233.253.188
761	John	Thomas	jthomasl4@delicious.com	Male	192.238.80.106
762	Deborah	Medina	dmedinal5@mozilla.org	Female	248.113.82.8
763	Harold	Watson	hwatsonl6@feedburner.com	Male	232.75.170.214
764	Juan	Martin	jmartinl7@is.gd	Male	46.71.202.23
765	Lois	Harris	lharrisl8@usnews.com	Female	149.100.255.154
766	Irene	Watson	iwatsonl9@slate.com	Female	207.219.4.6
767	Jack	Peters	jpetersla@miibeian.gov.cn	Male	131.152.118.31
768	Jesse	Morgan	jmorganlb@ocn.ne.jp	Male	113.123.214.17
769	Carlos	Morgan	cmorganlc@1688.com	Male	18.22.134.70
770	Helen	Carroll	hcarrollld@indiegogo.com	Female	39.188.61.0
771	Lillian	Cook	lcookle@g.co	Female	239.6.100.84
772	Timothy	Garza	tgarzalf@nhs.uk	Male	32.130.144.53
773	Deborah	Henderson	dhendersonlg@google.it	Female	53.80.0.194
774	Earl	Alvarez	ealvarezlh@woothemes.com	Male	131.232.119.112
775	Richard	Walker	rwalkerli@1und1.de	Male	4.230.12.248
776	Harold	Edwards	hedwardslj@mysql.com	Male	21.64.216.178
777	Michael	Stewart	mstewartlk@opera.com	Male	36.95.59.107
778	Jesse	Lane	jlanell@japanpost.jp	Male	34.4.245.177
779	Maria	Cunningham	mcunninghamlm@patch.com	Female	198.84.201.130
780	Steve	White	swhiteln@ow.ly	Male	80.7.204.148
781	Steven	Crawford	scrawfordlo@ehow.com	Male	205.229.79.31
782	Rebecca	Harvey	rharveylp@spiegel.de	Female	126.52.59.214
783	Heather	Reynolds	hreynoldslq@nsw.gov.au	Female	16.163.155.20
784	Catherine	Bowman	cbowmanlr@fotki.com	Female	230.100.5.39
785	Carl	Cruz	ccruzls@telegraph.co.uk	Male	241.36.101.9
786	Thomas	Oliver	toliverlt@diigo.com	Male	17.72.215.252
787	Willie	Brooks	wbrookslu@tuttocitta.it	Male	144.162.7.55
788	Adam	Brooks	abrookslv@dailymotion.com	Male	67.129.216.114
789	Evelyn	Montgomery	emontgomerylw@lycos.com	Female	208.153.39.19
790	Ralph	Ward	rwardlx@purevolume.com	Male	125.201.11.122
791	Christopher	Snyder	csnyderly@state.tx.us	Male	143.206.86.232
792	Jean	Rogers	jrogerslz@nasa.gov	Female	141.22.190.3
793	Jimmy	Arnold	jarnoldm0@dot.gov	Male	67.53.222.176
794	Beverly	Berry	bberrym1@histats.com	Female	29.231.188.248
795	Stephanie	Watson	swatsonm2@imdb.com	Female	183.142.247.79
796	Fred	Morales	fmoralesm3@jiathis.com	Male	66.102.68.184
797	Antonio	Payne	apaynem4@google.ru	Male	12.197.233.225
798	Kelly	Perkins	kperkinsm5@addtoany.com	Female	131.48.235.42
799	Albert	Perry	aperrym6@businessinsider.com	Male	143.227.100.5
800	Deborah	Knight	dknightm7@fc2.com	Female	227.13.45.42
801	Betty	Porter	bporterm8@issuu.com	Female	50.81.239.234
802	Patricia	Murray	pmurraym9@purevolume.com	Female	218.207.39.134
803	Shirley	Williams	swilliamsma@clickbank.net	Female	183.176.36.42
804	Aaron	Murphy	amurphymb@facebook.com	Male	195.172.54.245
805	Daniel	Hill	dhillmc@illinois.edu	Male	20.33.132.97
806	Diane	Ramirez	dramirezmd@va.gov	Female	117.50.100.26
807	Kevin	Clark	kclarkme@state.gov	Male	171.91.94.48
808	Dennis	Welch	dwelchmf@list-manage.com	Male	173.86.115.3
809	Angela	Cole	acolemg@addtoany.com	Female	110.179.86.197
810	Jean	Shaw	jshawmh@foxnews.com	Female	52.182.208.189
811	Joe	Welch	jwelchmi@hexun.com	Male	191.90.70.255
812	Roger	Ramos	rramosmj@dedecms.com	Male	96.91.87.178
813	Michael	Dunn	mdunnmk@opera.com	Male	227.73.16.127
814	Jeffrey	Perkins	jperkinsml@gizmodo.com	Male	214.222.114.175
815	Frank	Brooks	fbrooksmm@diigo.com	Male	83.132.92.0
816	Nicholas	Taylor	ntaylormn@fema.gov	Male	178.90.45.170
817	Howard	Washington	hwashingtonmo@tiny.cc	Male	38.221.219.30
818	Jane	Arnold	jarnoldmp@ocn.ne.jp	Female	120.251.253.28
819	Ronald	Warren	rwarrenmq@technorati.com	Male	61.40.59.149
820	Samuel	Hunt	shuntmr@shareasale.com	Male	244.150.244.82
821	Katherine	Boyd	kboydms@java.com	Female	194.137.85.110
822	Bruce	Morrison	bmorrisonmt@gnu.org	Male	102.9.70.185
823	Phillip	Robertson	probertsonmu@xinhuanet.com	Male	89.68.170.168
824	Susan	Morris	smorrismv@github.io	Female	210.177.170.11
825	Willie	Welch	wwelchmw@posterous.com	Male	138.87.182.27
826	Anne	Russell	arussellmx@nih.gov	Female	153.115.169.125
827	David	Holmes	dholmesmy@elpais.com	Male	182.209.190.96
828	Alan	Ellis	aellismz@live.com	Male	153.46.90.144
829	Wayne	Sanders	wsandersn0@bravesites.com	Male	252.49.158.186
830	Chris	Phillips	cphillipsn1@furl.net	Male	115.110.222.72
831	Andrew	Lopez	alopezn2@harvard.edu	Male	99.80.226.74
832	Keith	Myers	kmyersn3@ustream.tv	Male	21.197.89.49
833	Nicole	Taylor	ntaylorn4@wired.com	Female	113.43.100.243
834	Randy	Ramos	rramosn5@bloomberg.com	Male	17.224.245.157
835	David	Murphy	dmurphyn6@wsj.com	Male	191.124.33.97
836	Lillian	Martinez	lmartinezn7@wordpress.org	Female	253.144.168.158
837	Anne	Collins	acollinsn8@usda.gov	Female	54.144.74.25
838	Irene	Kennedy	ikennedyn9@house.gov	Female	40.43.200.58
839	Pamela	Tucker	ptuckerna@washingtonpost.com	Female	99.82.84.197
840	John	White	jwhitenb@plala.or.jp	Male	182.193.9.44
841	Ernest	Ramos	eramosnc@fotki.com	Male	187.251.17.20
842	Joyce	Burns	jburnsnd@addthis.com	Female	91.86.243.138
843	Julia	Gonzales	jgonzalesne@amazonaws.com	Female	156.91.224.0
844	Michael	Gray	mgraynf@1688.com	Male	133.152.30.8
845	Amy	Lawson	alawsonng@list-manage.com	Female	127.129.111.208
846	Maria	Johnson	mjohnsonnh@usda.gov	Female	58.245.29.176
847	Brian	Rice	briceni@php.net	Male	163.78.219.27
848	Lois	Dunn	ldunnnj@i2i.jp	Female	117.158.137.158
849	James	Larson	jlarsonnk@wikispaces.com	Male	41.31.124.208
850	Sharon	Stone	sstonenl@redcross.org	Female	89.17.151.9
851	Heather	Price	hpricenm@elegantthemes.com	Female	25.62.75.151
852	Lori	Sullivan	lsullivannn@loc.gov	Female	57.120.23.80
853	Bruce	Morgan	bmorganno@xrea.com	Male	2.179.70.180
854	Sharon	Hawkins	shawkinsnp@mysql.com	Female	215.14.62.238
855	Bobby	Garcia	bgarcianq@deviantart.com	Male	184.195.212.10
856	Donna	Ruiz	druiznr@diigo.com	Female	240.178.64.23
857	Gregory	Price	gpricens@answers.com	Male	249.232.95.2
858	Carl	Austin	caustinnt@aol.com	Male	168.130.214.119
859	Howard	Evans	hevansnu@ca.gov	Male	223.123.135.88
860	Benjamin	Kim	bkimnv@geocities.jp	Male	198.251.247.34
861	Kimberly	Montgomery	kmontgomerynw@delicious.com	Female	237.149.80.188
862	Amy	Hill	ahillnx@yellowpages.com	Female	115.3.182.50
863	Raymond	Long	rlongny@ebay.co.uk	Male	188.40.100.230
864	Mildred	Hamilton	mhamiltonnz@goo.ne.jp	Female	194.158.165.100
865	Jeremy	Armstrong	jarmstrongo0@youku.com	Male	22.61.106.245
866	Larry	Reid	lreido1@usatoday.com	Male	89.239.68.115
867	Evelyn	Lawson	elawsono2@themeforest.net	Female	86.36.185.110
868	Linda	Garrett	lgarretto3@example.com	Female	72.112.112.184
869	Brandon	Simpson	bsimpsono4@fema.gov	Male	249.168.173.224
870	Judith	Cruz	jcruzo5@paginegialle.it	Female	153.114.212.54
871	Bonnie	Lane	blaneo6@irs.gov	Female	45.224.190.40
872	Jeffrey	Woods	jwoodso7@artisteer.com	Male	78.209.33.188
873	Carlos	Alexander	calexandero8@ameblo.jp	Male	11.165.4.198
874	Antonio	Watson	awatsono9@ifeng.com	Male	180.1.96.80
875	Ruby	James	rjamesoa@typepad.com	Female	213.112.41.30
876	Anthony	Bennett	abennettob@issuu.com	Male	166.82.84.250
877	Jeremy	Lewis	jlewisoc@eventbrite.com	Male	40.37.192.33
878	Ashley	Woods	awoodsod@japanpost.jp	Female	247.117.79.112
879	Alan	Hanson	ahansonoe@quantcast.com	Male	20.14.3.251
880	Stephen	Fox	sfoxof@deliciousdays.com	Male	159.72.143.14
881	Pamela	Reid	preidog@feedburner.com	Female	249.64.13.142
882	Ryan	Stevens	rstevensoh@jugem.jp	Male	197.74.189.225
883	Craig	Spencer	cspenceroi@wikipedia.org	Male	58.141.52.77
884	Harold	Dixon	hdixonoj@com.com	Male	226.38.235.200
885	David	Edwards	dedwardsok@icio.us	Male	171.255.42.241
886	Rose	Myers	rmyersol@cornell.edu	Female	5.19.219.90
887	Carol	Foster	cfosterom@yellowpages.com	Female	46.200.18.146
888	Lisa	Stephens	lstephenson@shinystat.com	Female	198.57.253.255
889	Paula	Carter	pcarteroo@salon.com	Female	63.180.222.217
890	Marie	Hanson	mhansonop@list-manage.com	Female	246.176.167.46
891	Jennifer	Rice	jriceoq@google.cn	Female	185.216.12.202
892	Mark	Parker	mparkeror@networksolutions.com	Male	204.1.51.128
893	Ruth	Green	rgreenos@upenn.edu	Female	121.241.238.135
894	Harry	Johnson	hjohnsonot@oracle.com	Male	38.254.7.162
895	Earl	Kennedy	ekennedyou@scribd.com	Male	62.214.103.107
896	Kenneth	James	kjamesov@epa.gov	Male	218.140.166.222
897	Tammy	Ortiz	tortizow@geocities.jp	Female	142.250.23.101
898	Timothy	Williams	twilliamsox@alibaba.com	Male	233.173.91.63
899	Phyllis	Harper	pharperoy@narod.ru	Female	168.120.87.32
900	Henry	Simmons	hsimmonsoz@csmonitor.com	Male	117.77.203.238
901	Theresa	Robertson	trobertsonp0@issuu.com	Female	24.61.90.217
902	Frank	Harper	fharperp1@tmall.com	Male	194.70.155.90
903	Shirley	Bowman	sbowmanp2@etsy.com	Female	254.214.214.30
904	Heather	Griffin	hgriffinp3@gizmodo.com	Female	54.207.18.142
905	Aaron	Morales	amoralesp4@t-online.de	Male	188.17.227.33
906	Brian	Miller	bmillerp5@sbwire.com	Male	48.162.147.116
907	Todd	Cruz	tcruzp6@nationalgeographic.com	Male	113.134.60.125
908	Kathy	James	kjamesp7@istockphoto.com	Female	91.37.157.69
909	Jeremy	Ramirez	jramirezp8@mail.ru	Male	85.126.175.238
910	Willie	Ellis	wellisp9@phpbb.com	Male	182.90.85.6
911	Eric	Oliver	eoliverpa@photobucket.com	Male	121.115.42.53
912	Shawn	Nelson	snelsonpb@spotify.com	Male	78.119.250.235
913	Louis	Reid	lreidpc@vistaprint.com	Male	63.107.24.1
914	Patrick	Sims	psimspd@about.me	Male	165.163.227.208
915	Ashley	Stewart	astewartpe@cdc.gov	Female	233.77.85.94
916	Victor	Garza	vgarzapf@blogs.com	Male	28.12.61.66
917	Douglas	Johnson	djohnsonpg@ebay.com	Male	57.55.47.29
918	Steven	Palmer	spalmerph@timesonline.co.uk	Male	173.201.120.210
919	Lawrence	Myers	lmyerspi@scientificamerican.com	Male	72.241.58.140
920	Carolyn	Bishop	cbishoppj@sina.com.cn	Female	157.35.137.162
921	Julie	Butler	jbutlerpk@oracle.com	Female	140.132.150.237
922	Gloria	Hicks	ghickspl@unesco.org	Female	15.170.80.10
923	Roger	Gonzales	rgonzalespm@bloglovin.com	Male	37.207.36.28
924	Henry	Payne	hpaynepn@kickstarter.com	Male	41.46.93.142
925	Betty	Smith	bsmithpo@sourceforge.net	Female	57.87.125.121
926	Chris	Holmes	cholmespp@pagesperso-orange.fr	Male	104.85.243.86
927	Diane	Hicks	dhickspq@tinyurl.com	Female	144.235.123.163
928	Roger	Adams	radamspr@drupal.org	Male	199.19.159.187
929	Marilyn	Peterson	mpetersonps@github.com	Female	167.24.84.83
930	Anthony	Cunningham	acunninghampt@wikimedia.org	Male	44.84.96.174
931	Douglas	Mills	dmillspu@macromedia.com	Male	106.148.62.44
932	Patrick	Ramos	pramospv@macromedia.com	Male	57.114.160.233
933	Irene	Medina	imedinapw@e-recht24.de	Female	111.8.155.4
934	Randy	Moore	rmoorepx@livejournal.com	Male	237.245.187.13
935	Johnny	Morrison	jmorrisonpy@cmu.edu	Male	14.41.248.81
936	Matthew	Hart	mhartpz@cdbaby.com	Male	14.73.46.45
937	Todd	Washington	twashingtonq0@samsung.com	Male	75.123.146.16
938	Michelle	Ellis	mellisq1@dot.gov	Female	132.163.41.251
939	Pamela	Patterson	ppattersonq2@instagram.com	Female	161.216.194.126
940	John	Woods	jwoodsq3@creativecommons.org	Male	24.203.95.124
941	Paula	West	pwestq4@edublogs.org	Female	212.227.230.84
942	Michelle	Harrison	mharrisonq5@scribd.com	Female	238.252.85.91
943	Tina	Fuller	tfullerq6@meetup.com	Female	118.191.32.213
944	Earl	Perry	eperryq7@umich.edu	Male	153.169.0.37
945	Paul	Phillips	pphillipsq8@taobao.com	Male	177.59.59.111
946	Bonnie	Riley	brileyq9@google.co.uk	Female	190.46.126.248
947	Joyce	Johnson	jjohnsonqa@slashdot.org	Female	242.243.193.66
948	Cheryl	Carter	ccarterqb@japanpost.jp	Female	170.19.80.174
949	Jeffrey	Murray	jmurrayqc@gravatar.com	Male	233.208.60.90
950	Catherine	Vasquez	cvasquezqd@privacy.gov.au	Female	47.198.128.188
951	Alan	Brown	abrownqe@php.net	Male	236.138.237.143
952	Roger	Stephens	rstephensqf@g.co	Male	145.241.185.141
953	Jeffrey	Ray	jrayqg@rediff.com	Male	94.165.192.229
954	Albert	Stanley	astanleyqh@adobe.com	Male	65.36.48.70
955	Ronald	Arnold	rarnoldqi@princeton.edu	Male	210.78.134.227
956	Tammy	Castillo	tcastilloqj@lycos.com	Female	80.32.253.21
957	Paul	Griffin	pgriffinqk@ox.ac.uk	Male	57.52.227.206
958	Lisa	Welch	lwelchql@miitbeian.gov.cn	Female	132.11.224.26
959	Martha	Rose	mroseqm@spotify.com	Female	74.214.75.8
960	Cheryl	Peters	cpetersqn@deviantart.com	Female	197.23.201.42
961	Bobby	Rivera	briveraqo@prlog.org	Male	220.187.250.203
962	Andrew	Reynolds	areynoldsqp@linkedin.com	Male	183.243.76.83
963	Rose	Richards	rrichardsqq@kickstarter.com	Female	141.17.99.114
964	Andrea	Foster	afosterqr@zdnet.com	Female	137.182.9.160
965	Patrick	Perez	pperezqs@woothemes.com	Male	137.26.158.181
966	Stephen	Burke	sburkeqt@nba.com	Male	220.82.167.3
967	Irene	Davis	idavisqu@sogou.com	Female	196.33.140.178
968	Lawrence	Marshall	lmarshallqv@jimdo.com	Male	166.105.230.0
969	Mildred	Ray	mrayqw@google.nl	Female	27.178.184.5
970	Anne	Green	agreenqx@kickstarter.com	Female	175.145.155.204
971	Harold	Hall	hhallqy@discuz.net	Male	210.120.145.135
972	Raymond	Stone	rstoneqz@weebly.com	Male	7.111.53.0
973	Frances	Robinson	frobinsonr0@google.it	Female	80.154.199.158
974	Frank	Ross	frossr1@ftc.gov	Male	235.182.27.192
975	Philip	Kelley	pkelleyr2@pbs.org	Male	64.69.92.31
976	Gary	Robertson	grobertsonr3@sitemeter.com	Male	121.217.243.57
977	Judy	Davis	jdavisr4@smugmug.com	Female	14.94.184.197
978	Tina	Gutierrez	tgutierrezr5@blinklist.com	Female	224.117.167.236
979	Jennifer	Griffin	jgriffinr6@artisteer.com	Female	33.113.210.7
980	Judith	Stone	jstoner7@de.vu	Female	56.208.194.48
981	Maria	Hunter	mhunterr8@jimdo.com	Female	110.227.88.180
982	Raymond	Taylor	rtaylorr9@time.com	Male	207.238.155.178
983	Bonnie	Garcia	bgarciara@oaic.gov.au	Female	211.192.19.35
984	Michelle	Fowler	mfowlerrb@merriam-webster.com	Female	9.156.211.202
985	Carl	Griffin	cgriffinrc@dedecms.com	Male	92.219.93.250
986	Jesse	Kelley	jkelleyrd@scribd.com	Male	215.233.60.55
987	Thomas	Stone	tstonere@google.es	Male	73.133.22.45
988	Edward	Johnston	ejohnstonrf@apple.com	Male	45.96.186.177
989	Jennifer	Carpenter	jcarpenterrg@shutterfly.com	Female	40.158.49.240
990	Judith	Lewis	jlewisrh@drupal.org	Female	82.178.37.215
991	Gregory	Morgan	gmorganri@github.com	Male	182.10.180.172
992	Edward	Black	eblackrj@forbes.com	Male	77.214.139.69
993	Christopher	Hall	challrk@bbb.org	Male	125.220.149.205
994	Walter	Hunt	whuntrl@joomla.org	Male	41.246.105.186
995	Anthony	Hanson	ahansonrm@icq.com	Male	231.9.90.18
996	Frances	Marshall	fmarshallrn@upenn.edu	Female	209.245.100.43
997	Clarence	Sanchez	csanchezro@ftc.gov	Male	125.72.87.181
998	Sean	Owens	sowensrp@marketwatch.com	Male	209.122.136.220
999	Ralph	Peters	rpetersrq@themeforest.net	Male	87.66.255.56
1000	Alan	Perkins	aperkinsrr@hostgator.com	Male	201.193.231.88
